{
	"parent": "item/handheld",
	"textures": {
		"layer0": "items/stone_hoe"
	},
	"overrides": [
		{ "predicate": {"damaged": 0, "damage": 0}, "model": "item/stone_hoe"},
		{ "_cmd_": "give @p minecraft:stone_hoe 1 1 {Unbreakable:1}",  "predicate": {"damaged": 0, "damage": 0.0075757}, "model": "item/nubx/pets/pet_bee"},
		{ "_cmd_": "give @p minecraft:stone_hoe 1 2 {Unbreakable:1}",  "predicate": {"damaged": 0, "damage": 0.0151515}, "model": "item/nubx/pets/pet_robot"},
		{ "_cmd_": "give @p minecraft:stone_hoe 1 3 {Unbreakable:1}",  "predicate": {"damaged": 0, "damage": 0.0227272}, "model": "item/nubx/pets/pet_bee"},
		{ "_cmd_": "give @p minecraft:stone_hoe 1 4 {Unbreakable:1}",  "predicate": {"damaged": 0, "damage": 0.0303030}, "model": "item/stone_hoe"},
		{ "_cmd_": "give @p minecraft:stone_hoe 1 5 {Unbreakable:1}",  "predicate": {"damaged": 0, "damage": 0.0378787}, "model": "item/stone_hoe"},
		{ "_cmd_": "give @p minecraft:stone_hoe 1 6 {Unbreakable:1}",  "predicate": {"damaged": 0, "damage": 0.0454545}, "model": "item/stone_hoe"},
		{ "_cmd_": "give @p minecraft:stone_hoe 1 7 {Unbreakable:1}",  "predicate": {"damaged": 0, "damage": 0.0530303}, "model": "item/stone_hoe"},
		{ "_cmd_": "give @p minecraft:stone_hoe 1 8 {Unbreakable:1}",  "predicate": {"damaged": 0, "damage": 0.0606060}, "model": "item/stone_hoe"},
		{ "_cmd_": "give @p minecraft:stone_hoe 1 9 {Unbreakable:1}",  "predicate": {"damaged": 0, "damage": 0.0681818}, "model": "item/stone_hoe"},
		{ "_cmd_": "give @p minecraft:stone_hoe 1 10 {Unbreakable:1}", "predicate": {"damaged": 0, "damage": 0.0757575}, "model": "item/stone_hoe"},
		{ "_cmd_": "give @p minecraft:stone_hoe 1 11 {Unbreakable:1}", "predicate": {"damaged": 0, "damage": 0.0833333}, "model": "item/stone_hoe"},
		{ "_cmd_": "give @p minecraft:stone_hoe 1 12 {Unbreakable:1}", "predicate": {"damaged": 0, "damage": 0.0909090}, "model": "item/stone_hoe"},
		{ "_cmd_": "give @p minecraft:stone_hoe 1 13 {Unbreakable:1}", "predicate": {"damaged": 0, "damage": 0.0984848}, "model": "item/stone_hoe"},
		{ "_cmd_": "give @p minecraft:stone_hoe 1 14 {Unbreakable:1}", "predicate": {"damaged": 0, "damage": 0.1060606}, "model": "item/stone_hoe"},
		{ "_cmd_": "give @p minecraft:stone_hoe 1 15 {Unbreakable:1}", "predicate": {"damaged": 0, "damage": 0.1136363}, "model": "item/stone_hoe"},
		{ "_cmd_": "give @p minecraft:stone_hoe 1 16 {Unbreakable:1}", "predicate": {"damaged": 0, "damage": 0.1212121}, "model": "item/stone_hoe"},
		{ "_cmd_": "give @p minecraft:stone_hoe 1 17 {Unbreakable:1}", "predicate": {"damaged": 0, "damage": 0.1287878}, "model": "item/stone_hoe"},
		{ "_cmd_": "give @p minecraft:stone_hoe 1 18 {Unbreakable:1}", "predicate": {"damaged": 0, "damage": 0.1363636}, "model": "item/stone_hoe"},
		{ "_cmd_": "give @p minecraft:stone_hoe 1 19 {Unbreakable:1}", "predicate": {"damaged": 0, "damage": 0.1439393}, "model": "item/stone_hoe"},
		{ "_cmd_": "give @p minecraft:stone_hoe 1 10 {Unbreakable:1}", "predicate": {"damaged": 0, "damage": 0.1515151}, "model": "item/stone_hoe"},
		{ "_cmd_": "give @p minecraft:stone_hoe 1 11 {Unbreakable:1}", "predicate": {"damaged": 0, "damage": 0.1590909}, "model": "item/stone_hoe"},
		{ "_cmd_": "give @p minecraft:stone_hoe 1 12 {Unbreakable:1}", "predicate": {"damaged": 0, "damage": 0.1666666}, "model": "item/stone_hoe"},
		{ "_cmd_": "give @p minecraft:stone_hoe 1 13 {Unbreakable:1}", "predicate": {"damaged": 0, "damage": 0.1742424}, "model": "item/stone_hoe"},
		{ "_cmd_": "give @p minecraft:stone_hoe 1 14 {Unbreakable:1}", "predicate": {"damaged": 0, "damage": 0.1818181}, "model": "item/stone_hoe"},
		{ "_cmd_": "give @p minecraft:stone_hoe 1 15 {Unbreakable:1}", "predicate": {"damaged": 0, "damage": 0.1893939}, "model": "item/stone_hoe"},
		{ "_cmd_": "give @p minecraft:stone_hoe 1 16 {Unbreakable:1}", "predicate": {"damaged": 0, "damage": 0.1969696}, "model": "item/stone_hoe"},
		{ "_cmd_": "give @p minecraft:stone_hoe 1 17 {Unbreakable:1}", "predicate": {"damaged": 0, "damage": 0.2045454}, "model": "item/stone_hoe"},
		{ "_cmd_": "give @p minecraft:stone_hoe 1 18 {Unbreakable:1}", "predicate": {"damaged": 0, "damage": 0.2121212}, "model": "item/stone_hoe"},
		{ "_cmd_": "give @p minecraft:stone_hoe 1 19 {Unbreakable:1}", "predicate": {"damaged": 0, "damage": 0.2196969}, "model": "item/stone_hoe"},
		{ "_cmd_": "give @p minecraft:stone_hoe 1 20 {Unbreakable:1}", "predicate": {"damaged": 0, "damage": 0.2272727}, "model": "item/stone_hoe"},
		{ "_cmd_": "give @p minecraft:stone_hoe 1 21 {Unbreakable:1}", "predicate": {"damaged": 0, "damage": 0.2348484}, "model": "item/stone_hoe"},
		{ "_cmd_": "give @p minecraft:stone_hoe 1 22 {Unbreakable:1}", "predicate": {"damaged": 0, "damage": 0.2424242}, "model": "item/stone_hoe"},
		{ "_cmd_": "give @p minecraft:stone_hoe 1 23 {Unbreakable:1}", "predicate": {"damaged": 0, "damage": 0.25},      "model": "item/stone_hoe"},
		{ "_cmd_": "give @p minecraft:stone_hoe 1 24 {Unbreakable:1}", "predicate": {"damaged": 0, "damage": 0.2575757}, "model": "item/stone_hoe"},
		{ "_cmd_": "give @p minecraft:stone_hoe 1 25 {Unbreakable:1}", "predicate": {"damaged": 0, "damage": 0.2651515}, "model": "item/stone_hoe"},
		{ "_cmd_": "give @p minecraft:stone_hoe 1 26 {Unbreakable:1}", "predicate": {"damaged": 0, "damage": 0.2727272}, "model": "item/stone_hoe"},
		{ "_cmd_": "give @p minecraft:stone_hoe 1 27 {Unbreakable:1}", "predicate": {"damaged": 0, "damage": 0.2803030}, "model": "item/stone_hoe"},
		{ "_cmd_": "give @p minecraft:stone_hoe 1 28 {Unbreakable:1}", "predicate": {"damaged": 0, "damage": 0.2878787}, "model": "item/stone_hoe"},
		{ "_cmd_": "give @p minecraft:stone_hoe 1 29 {Unbreakable:1}", "predicate": {"damaged": 0, "damage": 0.2954545}, "model": "item/stone_hoe"},
		{ "_cmd_": "give @p minecraft:stone_hoe 1 30 {Unbreakable:1}", "predicate": {"damaged": 0, "damage": 0.3030303}, "model": "item/stone_hoe"},
		{ "_cmd_": "give @p minecraft:stone_hoe 1 31 {Unbreakable:1}", "predicate": {"damaged": 0, "damage": 0.3106060}, "model": "item/stone_hoe"},
		{ "_cmd_": "give @p minecraft:stone_hoe 1 32 {Unbreakable:1}", "predicate": {"damaged": 0, "damage": 0.3181818}, "model": "item/stone_hoe"},
		{ "_cmd_": "give @p minecraft:stone_hoe 1 33 {Unbreakable:1}", "predicate": {"damaged": 0, "damage": 0.3257575}, "model": "item/stone_hoe"},
		{ "_cmd_": "give @p minecraft:stone_hoe 1 34 {Unbreakable:1}", "predicate": {"damaged": 0, "damage": 0.3333333}, "model": "item/stone_hoe"},
		{ "_cmd_": "give @p minecraft:stone_hoe 1 35 {Unbreakable:1}", "predicate": {"damaged": 0, "damage": 0.3409090}, "model": "item/stone_hoe"},
		{ "_cmd_": "give @p minecraft:stone_hoe 1 36 {Unbreakable:1}", "predicate": {"damaged": 0, "damage": 0.3484848}, "model": "item/stone_hoe"},
		{ "_cmd_": "give @p minecraft:stone_hoe 1 37 {Unbreakable:1}", "predicate": {"damaged": 0, "damage": 0.3560606}, "model": "item/stone_hoe"},
		{ "_cmd_": "give @p minecraft:stone_hoe 1 38 {Unbreakable:1}", "predicate": {"damaged": 0, "damage": 0.3636363}, "model": "item/stone_hoe"},
		{ "_cmd_": "give @p minecraft:stone_hoe 1 39 {Unbreakable:1}", "predicate": {"damaged": 0, "damage": 0.3712121}, "model": "item/stone_hoe"},
		{ "_cmd_": "give @p minecraft:stone_hoe 1 40 {Unbreakable:1}", "predicate": {"damaged": 0, "damage": 0.3787878}, "model": "item/stone_hoe"},
		{ "_cmd_": "give @p minecraft:stone_hoe 1 41 {Unbreakable:1}", "predicate": {"damaged": 0, "damage": 0.3863636}, "model": "item/stone_hoe"},
		{ "_cmd_": "give @p minecraft:stone_hoe 1 42 {Unbreakable:1}", "predicate": {"damaged": 0, "damage": 0.3939393}, "model": "item/stone_hoe"},
		{ "_cmd_": "give @p minecraft:stone_hoe 1 43 {Unbreakable:1}", "predicate": {"damaged": 0, "damage": 0.4015151}, "model": "item/stone_hoe"},
		{ "_cmd_": "give @p minecraft:stone_hoe 1 44 {Unbreakable:1}", "predicate": {"damaged": 0, "damage": 0.4090909}, "model": "item/stone_hoe"},
		{ "_cmd_": "give @p minecraft:stone_hoe 1 45 {Unbreakable:1}", "predicate": {"damaged": 0, "damage": 0.4166666}, "model": "item/stone_hoe"},
		{ "_cmd_": "give @p minecraft:stone_hoe 1 46 {Unbreakable:1}", "predicate": {"damaged": 0, "damage": 0.4242424}, "model": "item/stone_hoe"},
		{ "_cmd_": "give @p minecraft:stone_hoe 1 47 {Unbreakable:1}", "predicate": {"damaged": 0, "damage": 0.4318181}, "model": "item/stone_hoe"},
		{ "_cmd_": "give @p minecraft:stone_hoe 1 48 {Unbreakable:1}", "predicate": {"damaged": 0, "damage": 0.4393939}, "model": "item/stone_hoe"},
		{ "_cmd_": "give @p minecraft:stone_hoe 1 49 {Unbreakable:1}", "predicate": {"damaged": 0, "damage": 0.4469696}, "model": "item/stone_hoe"},
		{ "_cmd_": "give @p minecraft:stone_hoe 1 50 {Unbreakable:1}", "predicate": {"damaged": 0, "damage": 0.4545454}, "model": "item/stone_hoe"},
		{ "_cmd_": "give @p minecraft:stone_hoe 1 51 {Unbreakable:1}", "predicate": {"damaged": 0, "damage": 0.4621212}, "model": "item/stone_hoe"},
		{ "_cmd_": "give @p minecraft:stone_hoe 1 52 {Unbreakable:1}", "predicate": {"damaged": 0, "damage": 0.4696969}, "model": "item/stone_hoe"},
		{ "_cmd_": "give @p minecraft:stone_hoe 1 53 {Unbreakable:1}", "predicate": {"damaged": 0, "damage": 0.4772727}, "model": "item/stone_hoe"},
		{ "_cmd_": "give @p minecraft:stone_hoe 1 54 {Unbreakable:1}", "predicate": {"damaged": 0, "damage": 0.4848484}, "model": "item/stone_hoe"},
		{ "_cmd_": "give @p minecraft:stone_hoe 1 55 {Unbreakable:1}", "predicate": {"damaged": 0, "damage": 0.4924242}, "model": "item/stone_hoe"},
		{ "_cmd_": "give @p minecraft:stone_hoe 1 56 {Unbreakable:1}", "predicate": {"damaged": 0, "damage": 0.5},       "model": "item/stone_hoe"},
		{ "_cmd_": "give @p minecraft:stone_hoe 1 57 {Unbreakable:1}", "predicate": {"damaged": 0, "damage": 0.5075757}, "model": "item/stone_hoe"},
		{ "_cmd_": "give @p minecraft:stone_hoe 1 58 {Unbreakable:1}", "predicate": {"damaged": 0, "damage": 0.5151515}, "model": "item/stone_hoe"},
		{ "_cmd_": "give @p minecraft:stone_hoe 1 59 {Unbreakable:1}", "predicate": {"damaged": 0, "damage": 0.5227272}, "model": "item/stone_hoe"},
		{ "_cmd_": "give @p minecraft:stone_hoe 1 60 {Unbreakable:1}", "predicate": {"damaged": 0, "damage": 0.5303030}, "model": "item/stone_hoe"},
		{ "_cmd_": "give @p minecraft:stone_hoe 1 61 {Unbreakable:1}", "predicate": {"damaged": 0, "damage": 0.5378787}, "model": "item/stone_hoe"},
		{ "_cmd_": "give @p minecraft:stone_hoe 1 62 {Unbreakable:1}", "predicate": {"damaged": 0, "damage": 0.5454545}, "model": "item/stone_hoe"},
		{ "_cmd_": "give @p minecraft:stone_hoe 1 63 {Unbreakable:1}", "predicate": {"damaged": 0, "damage": 0.5530303}, "model": "item/stone_hoe"},
		{ "_cmd_": "give @p minecraft:stone_hoe 1 64 {Unbreakable:1}", "predicate": {"damaged": 0, "damage": 0.5606060}, "model": "item/stone_hoe"},
		{ "_cmd_": "give @p minecraft:stone_hoe 1 65 {Unbreakable:1}", "predicate": {"damaged": 0, "damage": 0.5681818}, "model": "item/stone_hoe"},
		{ "_cmd_": "give @p minecraft:stone_hoe 1 66 {Unbreakable:1}", "predicate": {"damaged": 0, "damage": 0.5757575}, "model": "item/stone_hoe"},
		{ "_cmd_": "give @p minecraft:stone_hoe 1 67 {Unbreakable:1}", "predicate": {"damaged": 0, "damage": 0.5833333}, "model": "item/stone_hoe"},
		{ "_cmd_": "give @p minecraft:stone_hoe 1 68 {Unbreakable:1}", "predicate": {"damaged": 0, "damage": 0.5909090}, "model": "item/stone_hoe"},
		{ "_cmd_": "give @p minecraft:stone_hoe 1 69 {Unbreakable:1}", "predicate": {"damaged": 0, "damage": 0.5984848}, "model": "item/stone_hoe"},
		{ "_cmd_": "give @p minecraft:stone_hoe 1 70 {Unbreakable:1}", "predicate": {"damaged": 0, "damage": 0.6060606}, "model": "item/stone_hoe"},
		{ "_cmd_": "give @p minecraft:stone_hoe 1 71 {Unbreakable:1}", "predicate": {"damaged": 0, "damage": 0.6136363}, "model": "item/stone_hoe"},
		{ "_cmd_": "give @p minecraft:stone_hoe 1 72 {Unbreakable:1}", "predicate": {"damaged": 0, "damage": 0.6212121}, "model": "item/stone_hoe"},
		{ "_cmd_": "give @p minecraft:stone_hoe 1 73 {Unbreakable:1}", "predicate": {"damaged": 0, "damage": 0.6287878}, "model": "item/stone_hoe"},
		{ "_cmd_": "give @p minecraft:stone_hoe 1 74 {Unbreakable:1}", "predicate": {"damaged": 0, "damage": 0.6363636}, "model": "item/stone_hoe"},
		{ "_cmd_": "give @p minecraft:stone_hoe 1 75 {Unbreakable:1}", "predicate": {"damaged": 0, "damage": 0.6439393}, "model": "item/stone_hoe"},
		{ "_cmd_": "give @p minecraft:stone_hoe 1 76 {Unbreakable:1}", "predicate": {"damaged": 0, "damage": 0.6515151}, "model": "item/stone_hoe"},
		{ "_cmd_": "give @p minecraft:stone_hoe 1 77 {Unbreakable:1}", "predicate": {"damaged": 0, "damage": 0.6590909}, "model": "item/stone_hoe"},
		{ "_cmd_": "give @p minecraft:stone_hoe 1 78 {Unbreakable:1}", "predicate": {"damaged": 0, "damage": 0.6666666}, "model": "item/stone_hoe"},
		{ "_cmd_": "give @p minecraft:stone_hoe 1 79 {Unbreakable:1}", "predicate": {"damaged": 0, "damage": 0.6742424}, "model": "item/stone_hoe"},
		{ "_cmd_": "give @p minecraft:stone_hoe 1 80 {Unbreakable:1}", "predicate": {"damaged": 0, "damage": 0.6818181}, "model": "item/stone_hoe"},
		{ "_cmd_": "give @p minecraft:stone_hoe 1 81 {Unbreakable:1}", "predicate": {"damaged": 0, "damage": 0.6893939}, "model": "item/stone_hoe"},
		{ "_cmd_": "give @p minecraft:stone_hoe 1 82 {Unbreakable:1}", "predicate": {"damaged": 0, "damage": 0.6969696}, "model": "item/stone_hoe"},
		{ "_cmd_": "give @p minecraft:stone_hoe 1 83 {Unbreakable:1}", "predicate": {"damaged": 0, "damage": 0.7045454}, "model": "item/stone_hoe"},
		{ "_cmd_": "give @p minecraft:stone_hoe 1 84 {Unbreakable:1}", "predicate": {"damaged": 0, "damage": 0.7121212}, "model": "item/stone_hoe"},
		{ "_cmd_": "give @p minecraft:stone_hoe 1 85 {Unbreakable:1}", "predicate": {"damaged": 0, "damage": 0.7196969}, "model": "item/stone_hoe"},
		{ "_cmd_": "give @p minecraft:stone_hoe 1 86 {Unbreakable:1}", "predicate": {"damaged": 0, "damage": 0.7272727}, "model": "item/stone_hoe"},
		{ "_cmd_": "give @p minecraft:stone_hoe 1 87 {Unbreakable:1}", "predicate": {"damaged": 0, "damage": 0.7348484}, "model": "item/stone_hoe"},
		{ "_cmd_": "give @p minecraft:stone_hoe 1 88 {Unbreakable:1}", "predicate": {"damaged": 0, "damage": 0.7424242}, "model": "item/stone_hoe"},
		{ "_cmd_": "give @p minecraft:stone_hoe 1 89 {Unbreakable:1}", "predicate": {"damaged": 0, "damage": 0.75},      "model": "item/stone_hoe"},
		{ "_cmd_": "give @p minecraft:stone_hoe 1 90 {Unbreakable:1}", "predicate": {"damaged": 0, "damage": 0.7575757}, "model": "item/stone_hoe"},
		{ "_cmd_": "give @p minecraft:stone_hoe 1 91 {Unbreakable:1}", "predicate": {"damaged": 0, "damage": 0.7651515}, "model": "item/stone_hoe"},
		{ "_cmd_": "give @p minecraft:stone_hoe 1 92 {Unbreakable:1}", "predicate": {"damaged": 0, "damage": 0.7727272}, "model": "item/stone_hoe"},
		{ "_cmd_": "give @p minecraft:stone_hoe 1 93 {Unbreakable:1}", "predicate": {"damaged": 0, "damage": 0.7803030}, "model": "item/stone_hoe"},
		{ "_cmd_": "give @p minecraft:stone_hoe 1 94 {Unbreakable:1}", "predicate": {"damaged": 0, "damage": 0.7878787}, "model": "item/stone_hoe"},
		{ "_cmd_": "give @p minecraft:stone_hoe 1 95 {Unbreakable:1}", "predicate": {"damaged": 0, "damage": 0.7954545}, "model": "item/stone_hoe"},
		{ "_cmd_": "give @p minecraft:stone_hoe 1 96 {Unbreakable:1}", "predicate": {"damaged": 0, "damage": 0.8030303}, "model": "item/stone_hoe"},
		{ "_cmd_": "give @p minecraft:stone_hoe 1 97 {Unbreakable:1}", "predicate": {"damaged": 0, "damage": 0.8106060}, "model": "item/stone_hoe"},
		{ "_cmd_": "give @p minecraft:stone_hoe 1 98 {Unbreakable:1}", "predicate": {"damaged": 0, "damage": 0.8181818}, "model": "item/stone_hoe"},
		{ "_cmd_": "give @p minecraft:stone_hoe 1 99 {Unbreakable:1}", "predicate": {"damaged": 0, "damage": 0.8257575}, "model": "item/stone_hoe"},
		{ "_cmd_": "give @p minecraft:stone_hoe 1 100 {Unbreakable:1}","predicate": {"damaged": 0, "damage": 0.8333333}, "model": "item/stone_hoe"},
		{ "_cmd_": "give @p minecraft:stone_hoe 1 101 {Unbreakable:1}","predicate": {"damaged": 0, "damage": 0.8409090}, "model": "item/stone_hoe"},
		{ "_cmd_": "give @p minecraft:stone_hoe 1 102 {Unbreakable:1}","predicate": {"damaged": 0, "damage": 0.8484848}, "model": "item/stone_hoe"},
		{ "_cmd_": "give @p minecraft:stone_hoe 1 103 {Unbreakable:1}","predicate": {"damaged": 0, "damage": 0.8560606}, "model": "item/stone_hoe"},
		{ "_cmd_": "give @p minecraft:stone_hoe 1 104 {Unbreakable:1}","predicate": {"damaged": 0, "damage": 0.8636363}, "model": "item/stone_hoe"},
		{ "_cmd_": "give @p minecraft:stone_hoe 1 105 {Unbreakable:1}","predicate": {"damaged": 0, "damage": 0.8712121}, "model": "item/stone_hoe"},
		{ "_cmd_": "give @p minecraft:stone_hoe 1 106 {Unbreakable:1}","predicate": {"damaged": 0, "damage": 0.8787878}, "model": "item/stone_hoe"},
		{ "_cmd_": "give @p minecraft:stone_hoe 1 107 {Unbreakable:1}","predicate": {"damaged": 0, "damage": 0.8863636}, "model": "item/stone_hoe"},
		{ "_cmd_": "give @p minecraft:stone_hoe 1 108 {Unbreakable:1}","predicate": {"damaged": 0, "damage": 0.8939393}, "model": "item/stone_hoe"},
		{ "_cmd_": "give @p minecraft:stone_hoe 1 109 {Unbreakable:1}","predicate": {"damaged": 0, "damage": 0.9015151}, "model": "item/stone_hoe"},
		{ "_cmd_": "give @p minecraft:stone_hoe 1 110 {Unbreakable:1}","predicate": {"damaged": 0, "damage": 0.9090909}, "model": "item/stone_hoe"},
		{ "_cmd_": "give @p minecraft:stone_hoe 1 111 {Unbreakable:1}","predicate": {"damaged": 0, "damage": 0.9166666}, "model": "item/stone_hoe"},
		{ "_cmd_": "give @p minecraft:stone_hoe 1 112 {Unbreakable:1}","predicate": {"damaged": 0, "damage": 0.9242424}, "model": "item/stone_hoe"},
		{ "_cmd_": "give @p minecraft:stone_hoe 1 113 {Unbreakable:1}","predicate": {"damaged": 0, "damage": 0.9318181}, "model": "item/stone_hoe"},
		{ "_cmd_": "give @p minecraft:stone_hoe 1 114 {Unbreakable:1}","predicate": {"damaged": 0, "damage": 0.9393939}, "model": "item/stone_hoe"},
		{ "_cmd_": "give @p minecraft:stone_hoe 1 115 {Unbreakable:1}","predicate": {"damaged": 0, "damage": 0.9469696}, "model": "item/stone_hoe"},
		{ "_cmd_": "give @p minecraft:stone_hoe 1 116 {Unbreakable:1}","predicate": {"damaged": 0, "damage": 0.9545454}, "model": "item/stone_hoe"},
		{ "_cmd_": "give @p minecraft:stone_hoe 1 117 {Unbreakable:1}","predicate": {"damaged": 0, "damage": 0.9621212}, "model": "item/stone_hoe"},
		{ "_cmd_": "give @p minecraft:stone_hoe 1 118 {Unbreakable:1}","predicate": {"damaged": 0, "damage": 0.9696969}, "model": "item/stone_hoe"},
		{ "_cmd_": "give @p minecraft:stone_hoe 1 119 {Unbreakable:1}","predicate": {"damaged": 0, "damage": 0.9772727}, "model": "item/stone_hoe"},
		{ "_cmd_": "give @p minecraft:stone_hoe 1 120 {Unbreakable:1}","predicate": {"damaged": 0, "damage": 0.9848484}, "model": "item/stone_hoe"},
		{ "_cmd_": "give @p minecraft:stone_hoe 1 121 {Unbreakable:1}","predicate": {"damaged": 0, "damage": 0.9924242}, "model": "item/stone_hoe"},
		{ "predicate": {"damaged": 1, "damage": 0}, "model": "item/stone_hoe"}
	]
}