{
    "__comment": "Model created by: www.nullblox.net", 
    "textures": {
        "main": "nubx/pets/pet_bee"
    }, 
    "elements": [
        {
            "__comment": "Voxels", 
            "from": [ -14, 12, 2 ], 
            "to":   [ 5.5, 14, 12 ], 
            "faces": {
                "down":  { "uv": [ 1.5, 6.5, 1.8125, 6.625 ], "texture": "#main" }, 
                "up":    { "uv": [ 0.75, 6.25, 1.0625, 6.125 ], "texture": "#main" }, 
                "north": { "uv": [ 1.25, 6, 0.9375, 6.625 ], "texture": "#main" }, 
                "south": { "uv": [ 0.5, 6.25, 0.8125, 6.875 ], "texture": "#main" }, 
                "west":  { "uv": [ 1.25, 6.25, 1.375, 6.875 ], "texture": "#main" }, 
                "east":  { "uv": [ 1.25, 6.5, 1.125, 7.125 ], "texture": "#main" }
            }
        }, 
        {
            "__comment": "Voxels", 
            "from": [ 2, 3, 1.5 ], 
            "to":   [ 14.5, 15.5, 9 ], 
            "faces": {
                "down":  { "uv": [ 2.75, 3.75, 3.5, 4.5 ], "texture": "#main" }, 
                "up":    { "uv": [ 2.75, 4.75, 3.75, 4 ], "texture": "#main" }, 
                "north": { "uv": [ 3.75, 3.75, 2.6875, 4.8125 ], "texture": "#main" }, 
                "south": { "uv": [ 2.75, 3.75, 3.375, 4.375 ], "texture": "#main" }, 
                "west":  { "uv": [ 3, 4, 3.875, 5.0625 ], "texture": "#main" }, 
                "east":  { "uv": [ 4, 3.5, 3.125, 4.5625 ], "texture": "#main" }
            }
        }, 
        {
            "__comment": "Voxels", 
            "from": [ 2.5, 3.5, -2 ], 
            "to":   [ 14, 15, 1.5 ], 
            "faces": {
                "down":  { "uv": [ 3.75, 5.5, 5.1875, 6.3125 ], "texture": "#main" }, 
                "up":    { "uv": [ 3, 6.25, 4.4375, 5.4375 ], "texture": "#main" }, 
                "north": { "uv": [ 6.25, 5.5, 5.5, 6.5 ], "texture": "#main" }, 
                "south": { "uv": [ 3, 5.5, 3.75, 6.5 ], "texture": "#main" }, 
                "west":  { "uv": [ 2.75, 5.5, 3.4375, 6.5 ], "texture": "#main" }, 
                "east":  { "uv": [ 3.25, 5.5, 2.625, 6.4375 ], "texture": "#main" }
            }
        }, 
        {
            "__comment": "Voxels", 
            "from": [ 2.5, 3.5, 9 ], 
            "to":   [ 14, 15, 15.5 ], 
            "faces": {
                "down":  { "uv": [ 3.75, 5.5, 5.1875, 6.3125 ], "texture": "#main" }, 
                "up":    { "uv": [ 3, 6.25, 4.4375, 5.4375 ], "texture": "#main" }, 
                "north": { "uv": [ 6.25, 5.5, 5.5, 6.5 ], "texture": "#main" }, 
                "south": { "uv": [ 3, 5.5, 3.75, 6.5 ], "texture": "#main" }, 
                "west":  { "uv": [ 2.75, 5.5, 3.4375, 6.5 ], "texture": "#main" }, 
                "east":  { "uv": [ 3.25, 5.5, 2.625, 6.4375 ], "texture": "#main" }
            }
        }, 
        {
            "__comment": "Voxels", 
            "from": [ 3.5, 4.5, -5 ], 
            "to":   [ 13, 14, -2 ], 
            "faces": {
                "down":  { "uv": [ 2.75, 3.75, 3.5, 4.5 ], "texture": "#main" }, 
                "up":    { "uv": [ 2.75, 4.75, 3.75, 4 ], "texture": "#main" }, 
                "north": { "uv": [ 3.75, 3.75, 2.6875, 4.8125 ], "texture": "#main" }, 
                "south": { "uv": [ 2.75, 3.75, 3.375, 4.375 ], "texture": "#main" }, 
                "west":  { "uv": [ 3, 4, 3.875, 5.0625 ], "texture": "#main" }, 
                "east":  { "uv": [ 4, 3.5, 3.125, 4.5625 ], "texture": "#main" }
            }
        }, 
        {
            "__comment": "Voxels", 
            "from": [ 4, 5, 15.5 ], 
            "to":   [ 12.5, 13.5, 22.5 ], 
            "faces": {
                "down":  { "uv": [ 2.75, 3.75, 3.5, 4.5 ], "texture": "#main" }, 
                "up":    { "uv": [ 2.75, 4.75, 3.75, 4 ], "texture": "#main" }, 
                "north": { "uv": [ 3.75, 3.75, 2.6875, 4.8125 ], "texture": "#main" }, 
                "south": { "uv": [ 2.75, 3.75, 3.375, 4.375 ], "texture": "#main" }, 
                "west":  { "uv": [ 3, 4, 3.875, 5.0625 ], "texture": "#main" }, 
                "east":  { "uv": [ 4, 3.5, 3.125, 4.5625 ], "texture": "#main" }
            }
        }, 
        {
            "__comment": "Voxels", 
            "from": [ 4.5, -2, 0 ], 
            "to":   [ 6.5, 3.5, 1.5 ], 
            "faces": {
                "down":  { "uv": [ 2.75, 3.75, 3.5, 4.5 ], "texture": "#main" }, 
                "up":    { "uv": [ 2.75, 4.75, 3.75, 4 ], "texture": "#main" }, 
                "north": { "uv": [ 3.75, 3.75, 2.6875, 4.8125 ], "texture": "#main" }, 
                "south": { "uv": [ 2.75, 3.75, 3.375, 4.375 ], "texture": "#main" }, 
                "west":  { "uv": [ 3, 4, 3.875, 5.0625 ], "texture": "#main" }, 
                "east":  { "uv": [ 4, 3.5, 3.125, 4.5625 ], "texture": "#main" }
            }
        }, 
        {
            "__comment": "Voxels", 
            "from": [ 4.5, 0, 10 ], 
            "to":   [ 6.5, 3.5, 11.5 ], 
            "faces": {
                "down":  { "uv": [ 2.75, 3.75, 3.5, 4.5 ], "texture": "#main" }, 
                "up":    { "uv": [ 2.75, 4.75, 3.75, 4 ], "texture": "#main" }, 
                "north": { "uv": [ 3.75, 3.75, 2.6875, 4.8125 ], "texture": "#main" }, 
                "south": { "uv": [ 2.75, 3.75, 3.375, 4.375 ], "texture": "#main" }, 
                "west":  { "uv": [ 3, 4, 3.875, 5.0625 ], "texture": "#main" }, 
                "east":  { "uv": [ 4, 3.5, 3.125, 4.5625 ], "texture": "#main" }
            }
        }, 
        {
            "__comment": "Voxels", 
            "from": [ 4.5, 5.5, -7.5 ], 
            "to":   [ 12, 13, -5 ], 
            "faces": {
                "down":  { "uv": [ 3.75, 5.5, 5.1875, 6.3125 ], "texture": "#main" }, 
                "up":    { "uv": [ 3, 6.25, 4.4375, 5.4375 ], "texture": "#main" }, 
                "north": { "uv": [ 6.25, 5.5, 5.5, 6.5 ], "texture": "#main" }, 
                "south": { "uv": [ 3, 5.5, 3.75, 6.5 ], "texture": "#main" }, 
                "west":  { "uv": [ 2.75, 5.5, 3.4375, 6.5 ], "texture": "#main" }, 
                "east":  { "uv": [ 3.25, 5.5, 2.625, 6.4375 ], "texture": "#main" }
            }
        }, 
        {
            "__comment": "Voxels", 
            "from": [ 5.5, 4.5, 15.5 ], 
            "to":   [ 11, 5, 22 ], 
            "faces": {
                "down":  { "uv": [ 2.75, 3.75, 3.5, 4.5 ], "texture": "#main" }, 
                "up":    { "uv": [ 2.75, 4.75, 3.75, 4 ], "texture": "#main" }, 
                "north": { "uv": [ 3.75, 3.75, 2.6875, 4.8125 ], "texture": "#main" }, 
                "south": { "uv": [ 2.75, 3.75, 3.375, 4.375 ], "texture": "#main" }, 
                "west":  { "uv": [ 3, 4, 3.875, 5.0625 ], "texture": "#main" }, 
                "east":  { "uv": [ 4, 3.5, 3.125, 4.5625 ], "texture": "#main" }
            }
        }, 
        {
            "__comment": "Voxels", 
            "from": [ 5.5, 7, 22.5 ], 
            "to":   [ 8, 12, 23.5 ], 
            "faces": {
                "down":  { "uv": [ 1.5, 6.5, 1.8125, 6.625 ], "texture": "#main" }, 
                "up":    { "uv": [ 0.75, 6.25, 1.0625, 6.125 ], "texture": "#main" }, 
                "north": { "uv": [ 1.25, 6, 0.9375, 6.625 ], "texture": "#main" }, 
                "south": { "uv": [ 0.5, 6.25, 0.8125, 6.875 ], "texture": "#main" }, 
                "west":  { "uv": [ 1.25, 6.25, 1.375, 6.875 ], "texture": "#main" }, 
                "east":  { "uv": [ 1.25, 6.5, 1.125, 7.125 ], "texture": "#main" }
            }
        }, 
        {
            "__comment": "Voxels", 
            "from": [ 8.5, 7, 22.5 ], 
            "to":   [ 11, 12, 23.5 ], 
            "faces": {
                "down":  { "uv": [ 1.5, 6.5, 1.8125, 6.625 ], "texture": "#main" }, 
                "up":    { "uv": [ 0.75, 6.25, 1.0625, 6.125 ], "texture": "#main" }, 
                "north": { "uv": [ 1.25, 6, 0.9375, 6.625 ], "texture": "#main" }, 
                "south": { "uv": [ 0.5, 6.25, 0.8125, 6.875 ], "texture": "#main" }, 
                "west":  { "uv": [ 1.25, 6.25, 1.375, 6.875 ], "texture": "#main" }, 
                "east":  { "uv": [ 1.25, 6.5, 1.125, 7.125 ], "texture": "#main" }
            }
        }, 
        {
            "__comment": "Voxels", 
            "from": [ 10, -2, 0 ], 
            "to":   [ 12, 3.5, 1.5 ], 
            "faces": {
                "down":  { "uv": [ 2.75, 3.75, 3.5, 4.5 ], "texture": "#main" }, 
                "up":    { "uv": [ 2.75, 4.75, 3.75, 4 ], "texture": "#main" }, 
                "north": { "uv": [ 3.75, 3.75, 2.6875, 4.8125 ], "texture": "#main" }, 
                "south": { "uv": [ 2.75, 3.75, 3.375, 4.375 ], "texture": "#main" }, 
                "west":  { "uv": [ 3, 4, 3.875, 5.0625 ], "texture": "#main" }, 
                "east":  { "uv": [ 4, 3.5, 3.125, 4.5625 ], "texture": "#main" }
            }
        }, 
        {
            "__comment": "Voxels", 
            "from": [ 10, 0, 10 ], 
            "to":   [ 12, 3.5, 11.5 ], 
            "faces": {
                "down":  { "uv": [ 2.75, 3.75, 3.5, 4.5 ], "texture": "#main" }, 
                "up":    { "uv": [ 2.75, 4.75, 3.75, 4 ], "texture": "#main" }, 
                "north": { "uv": [ 3.75, 3.75, 2.6875, 4.8125 ], "texture": "#main" }, 
                "south": { "uv": [ 2.75, 3.75, 3.375, 4.375 ], "texture": "#main" }, 
                "west":  { "uv": [ 3, 4, 3.875, 5.0625 ], "texture": "#main" }, 
                "east":  { "uv": [ 4, 3.5, 3.125, 4.5625 ], "texture": "#main" }
            }
        }, 
        {
            "__comment": "Voxels", 
            "from": [ 11, 12, 2 ], 
            "to":   [ 30, 14, 12 ], 
            "faces": {
                "down":  { "uv": [ 1.5, 6.5, 1.8125, 6.625 ], "texture": "#main" }, 
                "up":    { "uv": [ 0.75, 6.25, 1.0625, 6.125 ], "texture": "#main" }, 
                "north": { "uv": [ 1.25, 6, 0.9375, 6.625 ], "texture": "#main" }, 
                "south": { "uv": [ 0.5, 6.25, 0.8125, 6.875 ], "texture": "#main" }, 
                "west":  { "uv": [ 1.25, 6.25, 1.375, 6.875 ], "texture": "#main" }, 
                "east":  { "uv": [ 1.25, 6.5, 1.125, 7.125 ], "texture": "#main" }
            }
        }, 
        {
            "__comment": "Voxels", 
            "from": [ -13, 19.5, 2 ], 
            "to":   [ 6.5, 21.5, 12 ], 
            "rotation": { "origin": [-13, 19.5, 2], "axis": "z", "angle": -22.5 }, 
            "faces": {
                "down":  { "uv": [ 9.5, 6.5, 9.8125, 6.625 ], "texture": "#main" }, 
                "up":    { "uv": [ 8.75, 6.25, 9.0625, 6.125 ], "texture": "#main" }, 
                "north": { "uv": [ 9.25, 6, 8.9375, 6.625 ], "texture": "#main" }, 
                "south": { "uv": [ 8.5, 6.25, 8.8125, 6.875 ], "texture": "#main" }, 
                "west":  { "uv": [ 9.25, 6.25, 9.375, 6.875 ], "texture": "#main" }, 
                "east":  { "uv": [ 9.25, 6.5, 9.125, 7.125 ], "texture": "#main" }
            }
        }, 
        {
            "__comment": "Voxels", 
            "from": [ 2, 3, 1.5 ], 
            "to":   [ 14.5, 15.5, 9 ], 
            "faces": {
                "down":  { "uv": [ 10.75, 3.75, 11.5, 4.5 ], "texture": "#main" }, 
                "up":    { "uv": [ 10.75, 4.75, 11.75, 4 ], "texture": "#main" }, 
                "north": { "uv": [ 11.75, 3.75, 10.6875, 4.8125 ], "texture": "#main" }, 
                "south": { "uv": [ 10.75, 3.75, 11.375, 4.375 ], "texture": "#main" }, 
                "west":  { "uv": [ 11, 4, 11.875, 5.0625 ], "texture": "#main" }, 
                "east":  { "uv": [ 12, 3.5, 11.125, 4.5625 ], "texture": "#main" }
            }
        }, 
        {
            "__comment": "Voxels", 
            "from": [ 2.5, 3.5, -2 ], 
            "to":   [ 14, 15, 1.5 ], 
            "faces": {
                "down":  { "uv": [ 11.75, 5.5, 13.1875, 6.3125 ], "texture": "#main" }, 
                "up":    { "uv": [ 11, 6.25, 12.4375, 5.4375 ], "texture": "#main" }, 
                "north": { "uv": [ 14.25, 5.5, 13.5, 6.5 ], "texture": "#main" }, 
                "south": { "uv": [ 11, 5.5, 11.75, 6.5 ], "texture": "#main" }, 
                "west":  { "uv": [ 10.75, 5.5, 11.4375, 6.5 ], "texture": "#main" }, 
                "east":  { "uv": [ 11.25, 5.5, 10.625, 6.4375 ], "texture": "#main" }
            }
        }, 
        {
            "__comment": "Voxels", 
            "from": [ 2.5, 3.5, 9 ], 
            "to":   [ 14, 15, 15.5 ], 
            "faces": {
                "down":  { "uv": [ 11.75, 5.5, 13.1875, 6.3125 ], "texture": "#main" }, 
                "up":    { "uv": [ 11, 6.25, 12.4375, 5.4375 ], "texture": "#main" }, 
                "north": { "uv": [ 14.25, 5.5, 13.5, 6.5 ], "texture": "#main" }, 
                "south": { "uv": [ 11, 5.5, 11.75, 6.5 ], "texture": "#main" }, 
                "west":  { "uv": [ 10.75, 5.5, 11.4375, 6.5 ], "texture": "#main" }, 
                "east":  { "uv": [ 11.25, 5.5, 10.625, 6.4375 ], "texture": "#main" }
            }
        }, 
        {
            "__comment": "Voxels", 
            "from": [ 3.5, 4.5, -5 ], 
            "to":   [ 13, 14, -2 ], 
            "faces": {
                "down":  { "uv": [ 10.75, 3.75, 11.5, 4.5 ], "texture": "#main" }, 
                "up":    { "uv": [ 10.75, 4.75, 11.75, 4 ], "texture": "#main" }, 
                "north": { "uv": [ 11.75, 3.75, 10.6875, 4.8125 ], "texture": "#main" }, 
                "south": { "uv": [ 10.75, 3.75, 11.375, 4.375 ], "texture": "#main" }, 
                "west":  { "uv": [ 11, 4, 11.875, 5.0625 ], "texture": "#main" }, 
                "east":  { "uv": [ 12, 3.5, 11.125, 4.5625 ], "texture": "#main" }
            }
        }, 
        {
            "__comment": "Voxels", 
            "from": [ 4, 5, 15.5 ], 
            "to":   [ 12.5, 13.5, 22.5 ], 
            "faces": {
                "down":  { "uv": [ 10.75, 3.75, 11.5, 4.5 ], "texture": "#main" }, 
                "up":    { "uv": [ 10.75, 4.75, 11.75, 4 ], "texture": "#main" }, 
                "north": { "uv": [ 11.75, 3.75, 10.6875, 4.8125 ], "texture": "#main" }, 
                "south": { "uv": [ 10.75, 3.75, 11.375, 4.375 ], "texture": "#main" }, 
                "west":  { "uv": [ 11, 4, 11.875, 5.0625 ], "texture": "#main" }, 
                "east":  { "uv": [ 12, 3.5, 11.125, 4.5625 ], "texture": "#main" }
            }
        }, 
        {
            "__comment": "Voxels", 
            "from": [ 4.5, -1.5, 1.5 ], 
            "to":   [ 6.5, 4, 3 ], 
            "rotation": { "origin": [4.5, -1.5, 1.5], "axis": "x", "angle": -22.5 }, 
            "faces": {
                "down":  { "uv": [ 10.75, 3.75, 11.5, 4.5 ], "texture": "#main" }, 
                "up":    { "uv": [ 10.75, 4.75, 11.75, 4 ], "texture": "#main" }, 
                "north": { "uv": [ 11.75, 3.75, 10.6875, 4.8125 ], "texture": "#main" }, 
                "south": { "uv": [ 10.75, 3.75, 11.375, 4.375 ], "texture": "#main" }, 
                "west":  { "uv": [ 11, 4, 11.875, 5.0625 ], "texture": "#main" }, 
                "east":  { "uv": [ 12, 3.5, 11.125, 4.5625 ], "texture": "#main" }
            }
        }, 
        {
            "__comment": "Voxels", 
            "from": [ 4.5, 0.5, 11 ], 
            "to":   [ 6.5, 4, 12.5 ], 
            "rotation": { "origin": [4.5, 0.5, 11], "axis": "x", "angle": -22.5 }, 
            "faces": {
                "down":  { "uv": [ 10.75, 3.75, 11.5, 4.5 ], "texture": "#main" }, 
                "up":    { "uv": [ 10.75, 4.75, 11.75, 4 ], "texture": "#main" }, 
                "north": { "uv": [ 11.75, 3.75, 10.6875, 4.8125 ], "texture": "#main" }, 
                "south": { "uv": [ 10.75, 3.75, 11.375, 4.375 ], "texture": "#main" }, 
                "west":  { "uv": [ 11, 4, 11.875, 5.0625 ], "texture": "#main" }, 
                "east":  { "uv": [ 12, 3.5, 11.125, 4.5625 ], "texture": "#main" }
            }
        }, 
        {
            "__comment": "Voxels", 
            "from": [ 4.5, 5.5, -7.5 ], 
            "to":   [ 12, 13, -5 ], 
            "faces": {
                "down":  { "uv": [ 11.75, 5.5, 13.1875, 6.3125 ], "texture": "#main" }, 
                "up":    { "uv": [ 11, 6.25, 12.4375, 5.4375 ], "texture": "#main" }, 
                "north": { "uv": [ 14.25, 5.5, 13.5, 6.5 ], "texture": "#main" }, 
                "south": { "uv": [ 11, 5.5, 11.75, 6.5 ], "texture": "#main" }, 
                "west":  { "uv": [ 10.75, 5.5, 11.4375, 6.5 ], "texture": "#main" }, 
                "east":  { "uv": [ 11.25, 5.5, 10.625, 6.4375 ], "texture": "#main" }
            }
        }, 
        {
            "__comment": "Voxels", 
            "from": [ 5.5, 4.5, 15.5 ], 
            "to":   [ 11, 5, 22 ], 
            "rotation": { "origin": [5.5, 4.5, 15.5], "axis": "x", "angle": 22.5 }, 
            "faces": {
                "down":  { "uv": [ 10.75, 3.75, 11.5, 4.5 ], "texture": "#main" }, 
                "up":    { "uv": [ 10.75, 4.75, 11.75, 4 ], "texture": "#main" }, 
                "north": { "uv": [ 11.75, 3.75, 10.6875, 4.8125 ], "texture": "#main" }, 
                "south": { "uv": [ 10.75, 3.75, 11.375, 4.375 ], "texture": "#main" }, 
                "west":  { "uv": [ 11, 4, 11.875, 5.0625 ], "texture": "#main" }, 
                "east":  { "uv": [ 12, 3.5, 11.125, 4.5625 ], "texture": "#main" }
            }
        }, 
        {
            "__comment": "Voxels", 
            "from": [ 5.5, 7, 22.5 ], 
            "to":   [ 8, 12, 23.5 ], 
            "faces": {
                "down":  { "uv": [ 9.5, 6.5, 9.8125, 6.625 ], "texture": "#main" }, 
                "up":    { "uv": [ 8.75, 6.25, 9.0625, 6.125 ], "texture": "#main" }, 
                "north": { "uv": [ 9.25, 6, 8.9375, 6.625 ], "texture": "#main" }, 
                "south": { "uv": [ 8.5, 6.25, 8.8125, 6.875 ], "texture": "#main" }, 
                "west":  { "uv": [ 9.25, 6.25, 9.375, 6.875 ], "texture": "#main" }, 
                "east":  { "uv": [ 9.25, 6.5, 9.125, 7.125 ], "texture": "#main" }
            }
        }, 
        {
            "__comment": "Voxels", 
            "from": [ 8.5, 7, 22.5 ], 
            "to":   [ 11, 12, 23.5 ], 
            "faces": {
                "down":  { "uv": [ 9.5, 6.5, 9.8125, 6.625 ], "texture": "#main" }, 
                "up":    { "uv": [ 8.75, 6.25, 9.0625, 6.125 ], "texture": "#main" }, 
                "north": { "uv": [ 9.25, 6, 8.9375, 6.625 ], "texture": "#main" }, 
                "south": { "uv": [ 8.5, 6.25, 8.8125, 6.875 ], "texture": "#main" }, 
                "west":  { "uv": [ 9.25, 6.25, 9.375, 6.875 ], "texture": "#main" }, 
                "east":  { "uv": [ 9.25, 6.5, 9.125, 7.125 ], "texture": "#main" }
            }
        }, 
        {
            "__comment": "Voxels", 
            "from": [ 10, -1, -2 ], 
            "to":   [ 12, 4.5, -0.5 ], 
            "rotation": { "origin": [10, -1, -2], "axis": "x", "angle": 22.5 }, 
            "faces": {
                "down":  { "uv": [ 10.75, 3.75, 11.5, 4.5 ], "texture": "#main" }, 
                "up":    { "uv": [ 10.75, 4.75, 11.75, 4 ], "texture": "#main" }, 
                "north": { "uv": [ 11.75, 3.75, 10.6875, 4.8125 ], "texture": "#main" }, 
                "south": { "uv": [ 10.75, 3.75, 11.375, 4.375 ], "texture": "#main" }, 
                "west":  { "uv": [ 11, 4, 11.875, 5.0625 ], "texture": "#main" }, 
                "east":  { "uv": [ 12, 3.5, 11.125, 4.5625 ], "texture": "#main" }
            }
        }, 
        {
            "__comment": "Voxels", 
            "from": [ 10, 1, 9 ], 
            "to":   [ 12, 4.5, 10.5 ], 
            "rotation": { "origin": [10, 1, 9], "axis": "x", "angle": 22.5 }, 
            "faces": {
                "down":  { "uv": [ 10.75, 3.75, 11.5, 4.5 ], "texture": "#main" }, 
                "up":    { "uv": [ 10.75, 4.75, 11.75, 4 ], "texture": "#main" }, 
                "north": { "uv": [ 11.75, 3.75, 10.6875, 4.8125 ], "texture": "#main" }, 
                "south": { "uv": [ 10.75, 3.75, 11.375, 4.375 ], "texture": "#main" }, 
                "west":  { "uv": [ 11, 4, 11.875, 5.0625 ], "texture": "#main" }, 
                "east":  { "uv": [ 12, 3.5, 11.125, 4.5625 ], "texture": "#main" }
            }
        }, 
        {
            "__comment": "Voxels", 
            "from": [ 11, 12, 2 ], 
            "to":   [ 30, 14, 12 ], 
            "rotation": { "origin": [11, 12, 2], "axis": "z", "angle": 22.5 }, 
            "faces": {
                "down":  { "uv": [ 9.5, 6.5, 9.8125, 6.625 ], "texture": "#main" }, 
                "up":    { "uv": [ 8.75, 6.25, 9.0625, 6.125 ], "texture": "#main" }, 
                "north": { "uv": [ 9.25, 6, 8.9375, 6.625 ], "texture": "#main" }, 
                "south": { "uv": [ 8.5, 6.25, 8.8125, 6.875 ], "texture": "#main" }, 
                "west":  { "uv": [ 9.25, 6.25, 9.375, 6.875 ], "texture": "#main" }, 
                "east":  { "uv": [ 9.25, 6.5, 9.125, 7.125 ], "texture": "#main" }
            }
        }, 
        {
            "__comment": "Voxels", 
            "from": [ -12.5, 4.5, 2 ], 
            "to":   [ 7, 6.5, 12 ], 
            "rotation": { "origin": [-12.5, 4.5, 2], "axis": "z", "angle": 22.5 }, 
            "faces": {
                "down":  { "uv": [ 1.5, 14.5, 1.8125, 14.625 ], "texture": "#main" }, 
                "up":    { "uv": [ 0.75, 14.25, 1.0625, 14.125 ], "texture": "#main" }, 
                "north": { "uv": [ 1.25, 14, 0.9375, 14.625 ], "texture": "#main" }, 
                "south": { "uv": [ 0.5, 14.25, 0.8125, 14.875 ], "texture": "#main" }, 
                "west":  { "uv": [ 1.25, 14.25, 1.375, 14.875 ], "texture": "#main" }, 
                "east":  { "uv": [ 1.25, 14.5, 1.125, 15.125 ], "texture": "#main" }
            }
        }, 
        {
            "__comment": "Voxels", 
            "from": [ 2, 3, 1.5 ], 
            "to":   [ 14.5, 15.5, 9 ], 
            "faces": {
                "down":  { "uv": [ 2.75, 11.75, 3.5, 12.5 ], "texture": "#main" }, 
                "up":    { "uv": [ 2.75, 12.75, 3.75, 12 ], "texture": "#main" }, 
                "north": { "uv": [ 3.75, 11.75, 2.6875, 12.8125 ], "texture": "#main" }, 
                "south": { "uv": [ 2.75, 11.75, 3.375, 12.375 ], "texture": "#main" }, 
                "west":  { "uv": [ 3, 12, 3.875, 13.0625 ], "texture": "#main" }, 
                "east":  { "uv": [ 4, 11.5, 3.125, 12.5625 ], "texture": "#main" }
            }
        }, 
        {
            "__comment": "Voxels", 
            "from": [ 2.5, 3.5, -2 ], 
            "to":   [ 14, 15, 1.5 ], 
            "faces": {
                "down":  { "uv": [ 3.75, 13.5, 5.1875, 14.3125 ], "texture": "#main" }, 
                "up":    { "uv": [ 3, 14.25, 4.4375, 13.4375 ], "texture": "#main" }, 
                "north": { "uv": [ 6.25, 13.5, 5.5, 14.5 ], "texture": "#main" }, 
                "south": { "uv": [ 3, 13.5, 3.75, 14.5 ], "texture": "#main" }, 
                "west":  { "uv": [ 2.75, 13.5, 3.4375, 14.5 ], "texture": "#main" }, 
                "east":  { "uv": [ 3.25, 13.5, 2.625, 14.4375 ], "texture": "#main" }
            }
        }, 
        {
            "__comment": "Voxels", 
            "from": [ 2.5, 3.5, 9 ], 
            "to":   [ 14, 15, 15.5 ], 
            "faces": {
                "down":  { "uv": [ 3.75, 13.5, 5.1875, 14.3125 ], "texture": "#main" }, 
                "up":    { "uv": [ 3, 14.25, 4.4375, 13.4375 ], "texture": "#main" }, 
                "north": { "uv": [ 6.25, 13.5, 5.5, 14.5 ], "texture": "#main" }, 
                "south": { "uv": [ 3, 13.5, 3.75, 14.5 ], "texture": "#main" }, 
                "west":  { "uv": [ 2.75, 13.5, 3.4375, 14.5 ], "texture": "#main" }, 
                "east":  { "uv": [ 3.25, 13.5, 2.625, 14.4375 ], "texture": "#main" }
            }
        }, 
        {
            "__comment": "Voxels", 
            "from": [ 3.5, 4.5, -5 ], 
            "to":   [ 13, 14, -2 ], 
            "faces": {
                "down":  { "uv": [ 2.75, 11.75, 3.5, 12.5 ], "texture": "#main" }, 
                "up":    { "uv": [ 2.75, 12.75, 3.75, 12 ], "texture": "#main" }, 
                "north": { "uv": [ 3.75, 11.75, 2.6875, 12.8125 ], "texture": "#main" }, 
                "south": { "uv": [ 2.75, 11.75, 3.375, 12.375 ], "texture": "#main" }, 
                "west":  { "uv": [ 3, 12, 3.875, 13.0625 ], "texture": "#main" }, 
                "east":  { "uv": [ 4, 11.5, 3.125, 12.5625 ], "texture": "#main" }
            }
        }, 
        {
            "__comment": "Voxels", 
            "from": [ 4, 5, 15.5 ], 
            "to":   [ 12.5, 13.5, 22.5 ], 
            "faces": {
                "down":  { "uv": [ 2.75, 11.75, 3.5, 12.5 ], "texture": "#main" }, 
                "up":    { "uv": [ 2.75, 12.75, 3.75, 12 ], "texture": "#main" }, 
                "north": { "uv": [ 3.75, 11.75, 2.6875, 12.8125 ], "texture": "#main" }, 
                "south": { "uv": [ 2.75, 11.75, 3.375, 12.375 ], "texture": "#main" }, 
                "west":  { "uv": [ 3, 12, 3.875, 13.0625 ], "texture": "#main" }, 
                "east":  { "uv": [ 4, 11.5, 3.125, 12.5625 ], "texture": "#main" }
            }
        }, 
        {
            "__comment": "Voxels", 
            "from": [ 4.5, -0.5, -1.5 ], 
            "to":   [ 6.5, 5, 0 ], 
            "rotation": { "origin": [4.5, -0.5, -1.5], "axis": "x", "angle": 22.5 }, 
            "faces": {
                "down":  { "uv": [ 2.75, 11.75, 3.5, 12.5 ], "texture": "#main" }, 
                "up":    { "uv": [ 2.75, 12.75, 3.75, 12 ], "texture": "#main" }, 
                "north": { "uv": [ 3.75, 11.75, 2.6875, 12.8125 ], "texture": "#main" }, 
                "south": { "uv": [ 2.75, 11.75, 3.375, 12.375 ], "texture": "#main" }, 
                "west":  { "uv": [ 3, 12, 3.875, 13.0625 ], "texture": "#main" }, 
                "east":  { "uv": [ 4, 11.5, 3.125, 12.5625 ], "texture": "#main" }
            }
        }, 
        {
            "__comment": "Voxels", 
            "from": [ 4.5, 1, 9.5 ], 
            "to":   [ 6.5, 4.5, 11 ], 
            "rotation": { "origin": [4.5, 1, 9.5], "axis": "x", "angle": 22.5 }, 
            "faces": {
                "down":  { "uv": [ 2.75, 11.75, 3.5, 12.5 ], "texture": "#main" }, 
                "up":    { "uv": [ 2.75, 12.75, 3.75, 12 ], "texture": "#main" }, 
                "north": { "uv": [ 3.75, 11.75, 2.6875, 12.8125 ], "texture": "#main" }, 
                "south": { "uv": [ 2.75, 11.75, 3.375, 12.375 ], "texture": "#main" }, 
                "west":  { "uv": [ 3, 12, 3.875, 13.0625 ], "texture": "#main" }, 
                "east":  { "uv": [ 4, 11.5, 3.125, 12.5625 ], "texture": "#main" }
            }
        }, 
        {
            "__comment": "Voxels", 
            "from": [ 4.5, 5.5, -7.5 ], 
            "to":   [ 12, 13, -5 ], 
            "faces": {
                "down":  { "uv": [ 3.75, 13.5, 5.1875, 14.3125 ], "texture": "#main" }, 
                "up":    { "uv": [ 3, 14.25, 4.4375, 13.4375 ], "texture": "#main" }, 
                "north": { "uv": [ 6.25, 13.5, 5.5, 14.5 ], "texture": "#main" }, 
                "south": { "uv": [ 3, 13.5, 3.75, 14.5 ], "texture": "#main" }, 
                "west":  { "uv": [ 2.75, 13.5, 3.4375, 14.5 ], "texture": "#main" }, 
                "east":  { "uv": [ 3.25, 13.5, 2.625, 14.4375 ], "texture": "#main" }
            }
        }, 
        {
            "__comment": "Voxels", 
            "from": [ 5.5, 4.5, 15.5 ], 
            "to":   [ 11, 5, 22 ], 
            "faces": {
                "down":  { "uv": [ 2.75, 11.75, 3.5, 12.5 ], "texture": "#main" }, 
                "up":    { "uv": [ 2.75, 12.75, 3.75, 12 ], "texture": "#main" }, 
                "north": { "uv": [ 3.75, 11.75, 2.6875, 12.8125 ], "texture": "#main" }, 
                "south": { "uv": [ 2.75, 11.75, 3.375, 12.375 ], "texture": "#main" }, 
                "west":  { "uv": [ 3, 12, 3.875, 13.0625 ], "texture": "#main" }, 
                "east":  { "uv": [ 4, 11.5, 3.125, 12.5625 ], "texture": "#main" }
            }
        }, 
        {
            "__comment": "Voxels", 
            "from": [ 5.5, 7, 22.5 ], 
            "to":   [ 8, 12, 23.5 ], 
            "faces": {
                "down":  { "uv": [ 1.5, 14.5, 1.8125, 14.625 ], "texture": "#main" }, 
                "up":    { "uv": [ 0.75, 14.25, 1.0625, 14.125 ], "texture": "#main" }, 
                "north": { "uv": [ 1.25, 14, 0.9375, 14.625 ], "texture": "#main" }, 
                "south": { "uv": [ 0.5, 14.25, 0.8125, 14.875 ], "texture": "#main" }, 
                "west":  { "uv": [ 1.25, 14.25, 1.375, 14.875 ], "texture": "#main" }, 
                "east":  { "uv": [ 1.25, 14.5, 1.125, 15.125 ], "texture": "#main" }
            }
        }, 
        {
            "__comment": "Voxels", 
            "from": [ 8.5, 7, 22.5 ], 
            "to":   [ 11, 12, 23.5 ], 
            "faces": {
                "down":  { "uv": [ 1.5, 14.5, 1.8125, 14.625 ], "texture": "#main" }, 
                "up":    { "uv": [ 0.75, 14.25, 1.0625, 14.125 ], "texture": "#main" }, 
                "north": { "uv": [ 1.25, 14, 0.9375, 14.625 ], "texture": "#main" }, 
                "south": { "uv": [ 0.5, 14.25, 0.8125, 14.875 ], "texture": "#main" }, 
                "west":  { "uv": [ 1.25, 14.25, 1.375, 14.875 ], "texture": "#main" }, 
                "east":  { "uv": [ 1.25, 14.5, 1.125, 15.125 ], "texture": "#main" }
            }
        }, 
        {
            "__comment": "Voxels", 
            "from": [ 10, -1, 1.5 ], 
            "to":   [ 12, 4.5, 3 ], 
            "rotation": { "origin": [10, -1, 1.5], "axis": "x", "angle": -22.5 }, 
            "faces": {
                "down":  { "uv": [ 2.75, 11.75, 3.5, 12.5 ], "texture": "#main" }, 
                "up":    { "uv": [ 2.75, 12.75, 3.75, 12 ], "texture": "#main" }, 
                "north": { "uv": [ 3.75, 11.75, 2.6875, 12.8125 ], "texture": "#main" }, 
                "south": { "uv": [ 2.75, 11.75, 3.375, 12.375 ], "texture": "#main" }, 
                "west":  { "uv": [ 3, 12, 3.875, 13.0625 ], "texture": "#main" }, 
                "east":  { "uv": [ 4, 11.5, 3.125, 12.5625 ], "texture": "#main" }
            }
        }, 
        {
            "__comment": "Voxels", 
            "from": [ 10, 0.5, 11.5 ], 
            "to":   [ 12, 4, 13 ], 
            "rotation": { "origin": [10, 0.5, 11.5], "axis": "x", "angle": -22.5 }, 
            "faces": {
                "down":  { "uv": [ 2.75, 11.75, 3.5, 12.5 ], "texture": "#main" }, 
                "up":    { "uv": [ 2.75, 12.75, 3.75, 12 ], "texture": "#main" }, 
                "north": { "uv": [ 3.75, 11.75, 2.6875, 12.8125 ], "texture": "#main" }, 
                "south": { "uv": [ 2.75, 11.75, 3.375, 12.375 ], "texture": "#main" }, 
                "west":  { "uv": [ 3, 12, 3.875, 13.0625 ], "texture": "#main" }, 
                "east":  { "uv": [ 4, 11.5, 3.125, 12.5625 ], "texture": "#main" }
            }
        }, 
        {
            "__comment": "Voxels", 
            "from": [ 11, 12, 2 ], 
            "to":   [ 30, 14, 12 ], 
            "rotation": { "origin": [11, 12, 2], "axis": "z", "angle": -22.5 }, 
            "faces": {
                "down":  { "uv": [ 1.5, 14.5, 1.8125, 14.625 ], "texture": "#main" }, 
                "up":    { "uv": [ 0.75, 14.25, 1.0625, 14.125 ], "texture": "#main" }, 
                "north": { "uv": [ 1.25, 14, 0.9375, 14.625 ], "texture": "#main" }, 
                "south": { "uv": [ 0.5, 14.25, 0.8125, 14.875 ], "texture": "#main" }, 
                "west":  { "uv": [ 1.25, 14.25, 1.375, 14.875 ], "texture": "#main" }, 
                "east":  { "uv": [ 1.25, 14.5, 1.125, 15.125 ], "texture": "#main" }
            }
        }
    ], 
    "display": {
        "thirdperson_righthand": {
            "rotation": [ 0, -55, 0 ], 
            "translation": [ -1.466, -0.829, 0.7853 ], 
            "scale": [ 0.3, 0.3, 0.3 ]
        }, 
        "thirdperson_lefthand": {
            "rotation": [ 0, -55, 0 ], 
            "translation": [ -1.466, -0.829, 0.7853 ], 
            "scale": [ -0.3, 0.3, 0.3 ]
        }, 
        "firstperson_righthand": {
            "rotation": [ 0, -75, 0 ], 
            "translation": [ -3, 2.4434, 0 ], 
            "scale": [ 0.25, 0.25, 0.25 ]
        }, 
        "firstperson_lefthand": {
            "rotation": [ 0, -75, 0 ], 
            "translation": [ -3, 2.4434, 0 ], 
            "scale": [ -0.25, 0.25, 0.25 ]
        }, 
        "gui": {
            "rotation": [ 30, 45, 0 ], 
            "translation": [ 0, -1, 0 ], 
            "scale": [ 0.35, 0.35, 0.35 ]
        }, 
        "head": {
            "rotation": [ 0, 180, 0 ]
        }, 
        "ground": {
            "translation": [ 0, 12, 0 ], 
            "scale": [ 0.4, 0.4, 0.4 ]
        }, 
        "fixed": {
            "rotation": [ 0, 180, 0 ], 
            "scale": [ 0.35, 0.35, 0.35 ]
        }
    }
}